A,B,C,D,E,F
1225,2020-05-15 13:19:01.000,39.00,0.00,900.00,-19800

1225,2020-05-15 13:04:01.000,39.00,0.00,900.00,-19800

1225,2020-05-15 12:49:01.000,39.00,0.00,900.00,-19800

1225,2020-05-15 12:34:01.000,39.00,0.00,900.00,-19800

1225,2020-05-15 12:19:01.000,39.00,0.00,900.00,-19800

1225,2020-05-15 12:04:01.000,39.00,0.00,900.00,-19800

1225,2020-05-15 11:49:01.000,39.00,0.00,900.00,-19800

1225,2020-05-15 11:34:01.000,39.00,0.00,900.00,-19800

1225,2020-05-15 11:19:01.000,39.00,0.00,900.00,-19800

1225,2020-05-15 11:04:01.000,39.00,0.00,900.00,-19800

1225,2020-05-15 10:49:01.000,39.00,0.00,900.00,-19800

1225,2020-05-15 10:34:01.000,39.00,0.00,900.00,-19800

1225,2020-05-15 10:19:01.000,39.00,0.00,900.00,-19800

1225,2020-05-15 10:04:01.000,39.00,0.00,900.00,-19800

1225,2020-05-15 09:49:01.000,39.00,0.00,900.00,-19800

1225,2020-05-15 09:34:01.000,39.00,0.00,900.00,-19800

1225,2020-05-15 09:19:01.000,39.00,0.00,900.00,-19800

1225,2020-05-15 09:04:01.000,39.00,0.00,900.00,-19800

1225,2020-05-15 08:49:01.000,38.00,0.00,900.00,-19800

1225,2020-05-15 08:34:01.000,38.00,0.00,900.00,-19800

1225,2020-05-15 08:19:01.000,38.00,0.00,900.00,-19800

1225,2020-05-15 08:04:01.000,38.00,0.00,900.00,-19800

1225,2020-05-15 07:49:01.000,38.00,0.00,900.00,-19800

1225,2020-05-15 07:34:01.000,38.00,0.00,900.00,-19800

1225,2020-05-15 07:19:01.000,38.00,0.00,900.00,-19800

1225,2020-05-15 07:04:01.000,38.00,0.00,900.00,-19800

1225,2020-05-15 06:49:01.000,38.00,0.00,900.00,-19800

1225,2020-05-15 06:34:01.000,38.00,0.00,900.00,-19800

1225,2020-05-15 06:19:01.000,38.00,0.00,900.00,-19800

1225,2020-05-15 06:04:01.000,38.00,0.00,900.00,-19800

1225,2020-05-15 05:49:01.000,38.00,0.00,900.00,-19800

1225,2020-05-15 05:34:01.000,38.00,0.00,900.00,-19800

1225,2020-05-15 05:19:01.000,38.00,0.00,900.00,-19800

1225,2020-05-15 05:04:01.000,38.00,0.00,900.00,-19800

1225,2020-05-15 04:49:01.000,38.00,0.00,900.00,-19800

1225,2020-05-15 04:34:00.000,38.00,0.00,900.00,-19800

1225,2020-05-15 04:19:00.000,38.00,0.00,900.00,-19800

1225,2020-05-15 04:04:00.000,38.00,0.00,900.00,-19800

1225,2020-05-15 03:49:00.000,38.00,0.00,900.00,-19800

1225,2020-05-15 03:34:00.000,38.00,0.00,900.00,-19800

1225,2020-05-15 03:19:00.000,38.00,0.00,900.00,-19800

1225,2020-05-15 03:04:00.000,38.00,0.00,900.00,-19800

1225,2020-05-15 02:49:00.000,38.00,0.00,900.00,-19800

1225,2020-05-15 02:34:00.000,38.00,0.00,900.00,-19800

1225,2020-05-15 02:19:00.000,38.00,0.00,900.00,-19800

1225,2020-05-15 02:04:00.000,38.00,0.00,900.00,-19800

1225,2020-05-15 01:49:00.000,38.00,0.00,900.00,-19800

1225,2020-05-15 01:34:00.000,38.00,0.00,900.00,-19800

1225,2020-05-15 01:19:00.000,38.00,0.00,900.00,-19800

1225,2020-05-15 01:04:00.000,38.00,0.00,900.00,-19800

1225,2020-05-15 00:49:00.000,38.00,0.00,900.00,-19800

1225,2020-05-15 00:34:00.000,38.00,0.00,900.00,-19800

1225,2020-05-15 00:19:00.000,38.00,0.00,900.00,-19800

1225,2020-05-15 00:04:00.000,38.00,0.00,900.00,-19800

1225,2020-05-14 23:49:00.000,38.00,0.00,900.00,-19800

1225,2020-05-14 23:34:00.000,38.00,0.00,900.00,-19800

1225,2020-05-14 23:19:00.000,38.00,0.00,900.00,-19800

1225,2020-05-14 23:04:00.000,38.00,0.00,900.00,-19800

1225,2020-05-14 22:49:00.000,38.00,0.00,900.00,-19800

1225,2020-05-14 22:34:00.000,38.00,0.00,900.00,-19800

1225,2020-05-14 22:19:00.000,38.00,0.00,900.00,-19800

1225,2020-05-14 22:04:00.000,38.00,0.00,900.00,-19800

1225,2020-05-14 21:49:00.000,38.00,0.00,900.00,-19800

1225,2020-05-14 21:34:00.000,38.00,0.00,900.00,-19800

1225,2020-05-14 21:19:00.000,38.00,0.00,900.00,-19800

1225,2020-05-14 21:04:00.000,38.00,0.00,900.00,-19800

1225,2020-05-14 20:49:00.000,38.00,0.00,900.00,-19800

1225,2020-05-14 20:34:00.000,39.00,0.00,900.00,-19800

1225,2020-05-14 20:19:00.000,38.00,0.00,900.00,-19800

1225,2020-05-14 20:04:00.000,38.00,0.00,900.00,-19800

1225,2020-05-14 19:49:00.000,38.00,0.00,900.00,-19800

1225,2020-05-14 19:33:59.000,38.00,0.00,900.00,-19800

1225,2020-05-14 19:18:59.000,38.00,0.00,900.00,-19800

1225,2020-05-14 19:03:59.000,38.00,0.00,900.00,-19800

1225,2020-05-14 18:48:59.000,38.00,0.00,900.00,-19800

1225,2020-05-14 18:33:59.000,39.00,0.00,900.00,-19800

1225,2020-05-14 18:18:59.000,39.00,0.00,900.00,-19800

1225,2020-05-14 18:03:59.000,39.00,0.00,900.00,-19800

1225,2020-05-14 17:48:59.000,39.00,0.00,900.00,-19800

1225,2020-05-14 17:33:59.000,39.00,0.00,900.00,-19800

1225,2020-05-14 17:18:59.000,39.00,0.00,900.00,-19800

1225,2020-05-14 17:03:59.000,39.00,0.00,900.00,-19800

1225,2020-05-14 16:48:59.000,39.00,0.00,900.00,-19800

1225,2020-05-14 16:33:59.000,39.00,0.00,900.00,-19800

1225,2020-05-14 16:18:59.000,39.00,0.00,900.00,-19800

1225,2020-05-14 16:03:59.000,39.00,0.00,900.00,-19800

1225,2020-05-14 15:48:59.000,39.00,0.00,900.00,-19800

1225,2020-05-14 15:33:59.000,39.00,0.00,900.00,-19800

1225,2020-05-14 15:18:59.000,39.00,0.00,900.00,-19800

1225,2020-05-14 15:03:59.000,39.00,0.00,900.00,-19800

1225,2020-05-14 14:48:59.000,39.00,0.00,900.00,-19800

1225,2020-05-14 14:33:59.000,39.00,0.00,900.00,-19800

1225,2020-05-14 14:18:59.000,39.00,0.00,900.00,-19800

1225,2020-05-14 14:03:59.000,39.00,0.00,900.00,-19800

1225,2020-05-14 13:48:59.000,39.00,0.00,900.00,-19800

1225,2020-05-14 13:33:59.000,39.00,0.00,900.00,-19800

1225,2020-05-14 13:18:59.000,39.00,0.00,900.00,-19800

1225,2020-05-14 13:03:59.000,39.00,0.00,900.00,-19800

1225,2020-05-14 12:48:59.000,39.00,0.00,900.00,-19800

1225,2020-05-14 12:33:59.000,39.00,0.00,900.00,-19800

1225,2020-05-14 12:18:59.000,40.00,0.00,900.00,-19800

1225,2020-05-14 12:03:59.000,40.00,0.00,900.00,-19800

1225,2020-05-14 11:48:59.000,40.00,0.00,900.00,-19800

1225,2020-05-14 11:33:58.000,40.00,0.00,900.00,-19800

1225,2020-05-14 11:18:58.000,40.00,0.00,900.00,-19800

1225,2020-05-14 11:03:58.000,39.00,0.00,900.00,-19800

1225,2020-05-14 10:48:58.000,39.00,0.00,900.00,-19800

1225,2020-05-14 10:33:58.000,39.00,0.00,900.00,-19800

1225,2020-05-14 10:18:58.000,39.00,0.00,900.00,-19800

1225,2020-05-14 10:03:58.000,39.00,0.00,900.00,-19800

1225,2020-05-14 09:48:58.000,39.00,0.00,900.00,-19800

1225,2020-05-14 09:33:58.000,39.00,0.00,900.00,-19800

1225,2020-05-14 09:18:58.000,39.00,0.00,900.00,-19800

1225,2020-05-14 09:03:58.000,39.00,0.00,900.00,-19800

1225,2020-05-14 08:48:58.000,38.00,0.00,900.00,-19800

1225,2020-05-14 08:33:58.000,38.00,0.00,900.00,-19800

1225,2020-05-14 08:18:58.000,38.00,0.00,900.00,-19800

1225,2020-05-14 08:03:58.000,38.00,0.00,900.00,-19800

1225,2020-05-14 07:48:58.000,38.00,0.00,900.00,-19800

1225,2020-05-14 07:33:58.000,38.00,0.00,900.00,-19800

1225,2020-05-14 07:18:58.000,38.00,0.00,900.00,-19800

1225,2020-05-14 07:03:58.000,38.00,0.00,900.00,-19800

1225,2020-05-14 06:48:58.000,38.00,0.00,900.00,-19800

1225,2020-05-14 06:33:58.000,38.00,0.00,900.00,-19800

1225,2020-05-14 06:18:58.000,38.00,0.00,900.00,-19800

1225,2020-05-14 06:03:58.000,38.00,0.00,900.00,-19800

1225,2020-05-14 05:48:58.000,38.00,0.00,900.00,-19800

1225,2020-05-14 05:33:58.000,38.00,0.00,900.00,-19800

1225,2020-05-14 05:18:58.000,38.00,0.00,900.00,-19800

1225,2020-05-14 05:03:58.000,38.00,0.00,900.00,-19800

1225,2020-05-14 04:48:58.000,38.00,0.00,900.00,-19800

1225,2020-05-14 04:33:58.000,38.00,0.00,900.00,-19800

1225,2020-05-14 04:18:58.000,38.00,0.00,900.00,-19800

1225,2020-05-14 04:03:58.000,38.00,0.00,900.00,-19800

1225,2020-05-14 03:48:58.000,38.00,0.00,900.00,-19800

1225,2020-05-14 03:33:58.000,38.00,0.00,900.00,-19800

1225,2020-05-14 03:18:58.000,38.00,0.00,900.00,-19800

1225,2020-05-14 03:03:58.000,38.00,0.00,900.00,-19800

1225,2020-05-14 02:48:58.000,38.00,0.00,900.00,-19800

1225,2020-05-14 02:33:57.000,38.00,0.00,900.00,-19800

1225,2020-05-14 02:18:57.000,38.00,0.00,900.00,-19800

1225,2020-05-14 02:03:57.000,38.00,0.00,900.00,-19800

1225,2020-05-14 01:48:57.000,38.00,0.00,900.00,-19800

1225,2020-05-14 01:33:57.000,38.00,0.00,900.00,-19800

1225,2020-05-14 01:18:57.000,38.00,0.00,900.00,-19800

1225,2020-05-14 01:03:57.000,38.00,0.00,900.00,-19800

1225,2020-05-14 00:48:57.000,38.00,0.00,900.00,-19800

1225,2020-05-14 00:33:57.000,38.00,0.00,900.00,-19800

1225,2020-05-14 00:18:57.000,38.00,0.00,900.00,-19800

1225,2020-05-14 00:03:57.000,38.00,0.00,900.00,-19800

1225,2020-05-13 23:48:57.000,38.00,0.00,900.00,-19800

1225,2020-05-13 23:33:57.000,38.00,0.00,900.00,-19800

1225,2020-05-13 23:18:57.000,38.00,0.00,900.00,-19800

1225,2020-05-13 23:03:57.000,38.00,0.00,900.00,-19800

1225,2020-05-13 22:48:57.000,38.00,0.00,900.00,-19800

1225,2020-05-13 22:33:57.000,38.00,0.00,900.00,-19800

1225,2020-05-13 22:18:57.000,38.00,0.00,900.00,-19800

1225,2020-05-13 22:03:57.000,38.00,0.00,900.00,-19800

1225,2020-05-13 21:48:57.000,38.00,0.00,900.00,-19800

1225,2020-05-13 21:33:57.000,38.00,0.00,900.00,-19800

1225,2020-05-13 21:18:57.000,38.00,0.00,900.00,-19800

1225,2020-05-13 21:03:57.000,38.00,0.00,900.00,-19800

1225,2020-05-13 20:48:57.000,38.00,0.00,900.00,-19800

1225,2020-05-13 20:33:57.000,38.00,0.00,900.00,-19800

1225,2020-05-13 20:18:57.000,38.00,0.00,900.00,-19800

1225,2020-05-13 20:03:57.000,38.00,0.00,900.00,-19800

1225,2020-05-13 19:48:57.000,38.00,0.00,900.00,-19800

1225,2020-05-13 19:33:57.000,38.00,0.00,900.00,-19800

1225,2020-05-13 19:18:57.000,38.00,0.00,900.00,-19800

1225,2020-05-13 19:03:57.000,39.00,0.00,900.00,-19800

1225,2020-05-13 18:48:57.000,39.00,0.00,900.00,-19800

1225,2020-05-13 18:33:56.000,39.00,0.00,900.00,-19800

1225,2020-05-13 18:18:56.000,39.00,0.00,900.00,-19800

1225,2020-05-13 18:03:56.000,39.00,0.00,900.00,-19800

1225,2020-05-13 17:48:56.000,39.00,0.00,900.00,-19800

1225,2020-05-13 17:33:56.000,39.00,0.00,900.00,-19800

1225,2020-05-13 17:18:56.000,39.00,0.00,900.00,-19800

1225,2020-05-13 17:03:56.000,39.00,0.00,900.00,-19800

1225,2020-05-13 16:48:56.000,39.00,0.00,900.00,-19800

1225,2020-05-13 16:33:56.000,39.00,0.00,900.00,-19800

1225,2020-05-13 16:18:56.000,39.00,0.00,900.00,-19800

1225,2020-05-13 16:03:56.000,39.00,0.00,900.00,-19800

1225,2020-05-13 15:48:56.000,39.00,0.00,900.00,-19800

1225,2020-05-13 15:33:56.000,39.00,0.00,900.00,-19800

1225,2020-05-13 15:18:56.000,39.00,0.00,900.00,-19800

1225,2020-05-13 15:03:56.000,39.00,0.00,900.00,-19800

1225,2020-05-13 14:48:56.000,39.00,0.00,900.00,-19800

1225,2020-05-13 14:33:56.000,39.00,0.00,900.00,-19800

1225,2020-05-13 14:18:56.000,39.00,0.00,900.00,-19800

1225,2020-05-13 14:03:56.000,39.00,0.00,900.00,-19800

1225,2020-05-13 13:48:56.000,39.00,0.00,900.00,-19800

1225,2020-05-13 13:33:56.000,39.00,0.00,900.00,-19800

1225,2020-05-13 13:18:56.000,39.00,0.00,900.00,-19800

1225,2020-05-13 13:03:56.000,39.00,0.00,900.00,-19800

1225,2020-05-13 12:48:56.000,39.00,0.00,900.00,-19800

1225,2020-05-13 12:33:56.000,39.00,0.00,900.00,-19800

1225,2020-05-13 12:18:56.000,39.00,0.00,900.00,-19800

1225,2020-05-13 12:03:56.000,39.00,0.00,900.00,-19800

1225,2020-05-13 11:48:56.000,39.00,0.00,900.00,-19800

1225,2020-05-13 11:33:56.000,39.00,0.00,900.00,-19800

1225,2020-05-13 11:18:56.000,39.00,0.00,900.00,-19800

1225,2020-05-13 11:03:56.000,39.00,0.00,900.00,-19800

1225,2020-05-13 10:48:56.000,39.00,0.00,900.00,-19800

1225,2020-05-13 10:33:56.000,39.00,0.00,900.00,-19800

1225,2020-05-13 10:18:56.000,39.00,0.00,900.00,-19800

1225,2020-05-13 10:03:56.000,39.00,0.00,900.00,-19800

1225,2020-05-13 09:48:56.000,39.00,0.00,900.00,-19800

1225,2020-05-13 09:33:55.000,39.00,0.00,900.00,-19800

1225,2020-05-13 09:18:56.000,39.00,0.00,900.00,-19800

1225,2020-05-13 09:03:55.000,39.00,0.00,900.00,-19800

1225,2020-05-13 08:48:56.000,38.00,0.00,900.00,-19800

1225,2020-05-13 08:33:55.000,38.00,0.00,900.00,-19800

1225,2020-05-13 08:18:55.000,38.00,0.00,900.00,-19800

1225,2020-05-13 08:03:55.000,38.00,0.00,900.00,-19800

1225,2020-05-13 07:48:55.000,38.00,0.00,900.00,-19800

1225,2020-05-13 07:33:55.000,38.00,0.00,900.00,-19800

1225,2020-05-13 07:18:55.000,38.00,0.00,900.00,-19800

1225,2020-05-13 07:03:55.000,38.00,0.00,900.00,-19800

1225,2020-05-13 06:48:55.000,38.00,0.00,900.00,-19800

1225,2020-05-13 06:33:55.000,38.00,0.00,900.00,-19800

1225,2020-05-13 06:18:55.000,38.00,0.00,900.00,-19800

1225,2020-05-13 06:03:55.000,38.00,0.00,900.00,-19800

1225,2020-05-13 05:48:55.000,38.00,0.00,900.00,-19800

1225,2020-05-13 05:33:55.000,38.00,0.00,900.00,-19800

1225,2020-05-13 05:18:55.000,38.00,0.00,900.00,-19800

1225,2020-05-13 05:03:55.000,38.00,0.00,900.00,-19800

1225,2020-05-13 04:48:55.000,38.00,0.00,900.00,-19800

1225,2020-05-13 04:33:55.000,38.00,0.00,900.00,-19800

1225,2020-05-13 04:18:55.000,38.00,0.00,900.00,-19800

1225,2020-05-13 04:03:55.000,37.00,0.00,900.00,-19800

1225,2020-05-13 03:48:55.000,37.00,0.00,900.00,-19800

1225,2020-05-13 03:33:55.000,37.00,0.00,900.00,-19800

1225,2020-05-13 03:18:55.000,37.00,0.00,900.00,-19800

1225,2020-05-13 03:03:55.000,37.00,0.00,900.00,-19800

1225,2020-05-13 02:48:55.000,37.00,0.00,900.00,-19800

1225,2020-05-13 02:33:55.000,37.00,0.00,900.00,-19800

1225,2020-05-13 02:18:55.000,37.00,0.00,900.00,-19800

1225,2020-05-13 02:03:55.000,37.00,0.00,900.00,-19800

1225,2020-05-13 01:48:55.000,37.00,0.00,900.00,-19800

1225,2020-05-13 01:33:55.000,37.00,0.00,900.00,-19800

1225,2020-05-13 01:18:55.000,37.00,0.00,900.00,-19800

1225,2020-05-13 01:03:55.000,37.00,0.00,900.00,-19800

1225,2020-05-13 00:48:55.000,37.00,0.00,900.00,-19800

1225,2020-05-13 00:33:54.000,37.00,0.00,900.00,-19800

1225,2020-05-13 00:18:54.000,37.00,0.00,900.00,-19800

1225,2020-05-13 00:03:54.000,37.00,0.00,900.00,-19800

1225,2020-05-12 23:48:54.000,37.00,0.00,900.00,-19800

1225,2020-05-12 23:33:54.000,37.00,0.00,900.00,-19800

1225,2020-05-12 23:18:54.000,37.00,0.00,900.00,-19800

1225,2020-05-12 23:03:54.000,37.00,0.00,900.00,-19800

1225,2020-05-12 22:48:54.000,37.00,0.00,900.00,-19800

1225,2020-05-12 22:33:54.000,38.00,0.00,900.00,-19800

1225,2020-05-12 22:18:54.000,38.00,0.00,900.00,-19800

1225,2020-05-12 22:03:54.000,38.00,0.00,900.00,-19800

1225,2020-05-12 21:48:54.000,38.00,0.00,900.00,-19800

1225,2020-05-12 21:33:54.000,38.00,0.00,900.00,-19800

1225,2020-05-12 21:18:54.000,38.00,0.00,900.00,-19800

1225,2020-05-12 21:03:54.000,38.00,0.00,900.00,-19800

1225,2020-05-12 20:48:54.000,38.00,0.00,900.00,-19800

1225,2020-05-12 20:33:54.000,38.00,0.00,900.00,-19800

1225,2020-05-12 20:18:54.000,38.00,0.00,900.00,-19800

1225,2020-05-12 20:03:54.000,38.00,0.00,900.00,-19800

1225,2020-05-12 19:48:54.000,38.00,0.00,900.00,-19800

1225,2020-05-12 19:33:54.000,38.00,0.00,900.00,-19800

1225,2020-05-12 19:18:54.000,38.00,0.00,900.00,-19800

1225,2020-05-12 19:03:54.000,38.00,0.00,900.00,-19800

1225,2020-05-12 18:48:54.000,39.00,0.00,900.00,-19800

1225,2020-05-12 18:33:54.000,39.00,0.00,900.00,-19800

1225,2020-05-12 18:18:54.000,39.00,0.00,900.00,-19800

1225,2020-05-12 18:03:54.000,39.00,0.00,900.00,-19800

1225,2020-05-12 17:48:54.000,39.00,0.00,900.00,-19800

1225,2020-05-12 17:33:54.000,39.00,0.00,900.00,-19800

1225,2020-05-12 17:18:54.000,39.00,0.00,900.00,-19800

1225,2020-05-12 17:03:54.000,39.00,0.00,900.00,-19800

1225,2020-05-12 16:48:54.000,39.00,0.00,900.00,-19800

1225,2020-05-12 16:33:54.000,39.00,0.00,900.00,-19800

1225,2020-05-12 16:18:54.000,39.00,0.00,900.00,-19800

1225,2020-05-12 16:03:53.000,39.00,0.00,900.00,-19800

1225,2020-05-12 15:48:53.000,39.00,0.00,900.00,-19800

1225,2020-05-12 15:33:53.000,39.00,0.00,900.00,-19800

1225,2020-05-12 15:18:53.000,39.00,0.00,900.00,-19800

1225,2020-05-12 15:03:53.000,39.00,0.00,900.00,-19800

1225,2020-05-12 14:48:53.000,39.00,0.00,900.00,-19800

1225,2020-05-12 14:33:53.000,39.00,0.00,900.00,-19800

1225,2020-05-12 14:18:53.000,39.00,0.00,900.00,-19800

1225,2020-05-12 14:03:53.000,39.00,0.00,900.00,-19800

1225,2020-05-12 13:48:53.000,39.00,0.00,900.00,-19800

1225,2020-05-12 13:33:53.000,39.00,0.00,900.00,-19800

1225,2020-05-12 13:18:53.000,39.00,0.00,900.00,-19800

1225,2020-05-12 13:03:53.000,39.00,0.00,900.00,-19800

1225,2020-05-12 12:48:53.000,39.00,0.00,900.00,-19800

1225,2020-05-12 12:33:53.000,39.00,0.00,900.00,-19800

1225,2020-05-12 12:18:53.000,39.00,0.00,900.00,-19800

1225,2020-05-12 12:03:53.000,39.00,0.00,900.00,-19800

1225,2020-05-12 11:48:53.000,39.00,0.00,900.00,-19800

1225,2020-05-12 11:33:53.000,39.00,0.00,900.00,-19800

1225,2020-05-12 11:18:53.000,39.00,0.00,900.00,-19800

1225,2020-05-12 11:03:53.000,39.00,0.00,900.00,-19800

1225,2020-05-12 10:48:53.000,39.00,0.00,900.00,-19800

1225,2020-05-12 10:33:53.000,39.00,0.00,900.00,-19800

1225,2020-05-12 10:18:53.000,39.00,0.00,900.00,-19800

1225,2020-05-12 10:03:53.000,39.00,0.00,900.00,-19800

1225,2020-05-12 09:48:53.000,39.00,0.00,900.00,-19800

1225,2020-05-12 09:33:53.000,38.00,0.00,900.00,-19800

1225,2020-05-12 09:18:53.000,38.00,0.00,900.00,-19800

1225,2020-05-12 09:03:53.000,38.00,0.00,900.00,-19800

1225,2020-05-12 08:48:53.000,38.00,0.00,900.00,-19800

1225,2020-05-12 08:33:53.000,38.00,0.00,900.00,-19800

1225,2020-05-12 08:18:53.000,38.00,0.00,900.00,-19800

1225,2020-05-12 08:03:53.000,38.00,0.00,900.00,-19800

1225,2020-05-12 07:48:53.000,38.00,0.00,900.00,-19800

1225,2020-05-12 07:33:52.000,38.00,0.00,900.00,-19800

1225,2020-05-12 07:18:52.000,38.00,0.00,900.00,-19800

1225,2020-05-12 07:03:52.000,38.00,0.00,900.00,-19800

1225,2020-05-12 06:48:52.000,37.00,0.00,900.00,-19800

1225,2020-05-12 06:33:52.000,37.00,0.00,900.00,-19800

1225,2020-05-12 06:18:52.000,37.00,0.00,900.00,-19800

1225,2020-05-12 06:03:52.000,37.00,0.00,900.00,-19800

1225,2020-05-12 05:48:52.000,37.00,0.00,900.00,-19800

1225,2020-05-12 05:33:52.000,38.00,0.00,900.00,-19800

1225,2020-05-12 05:18:52.000,37.00,0.00,900.00,-19800

1225,2020-05-12 05:03:52.000,37.00,0.00,900.00,-19800

1225,2020-05-12 04:48:52.000,37.00,0.00,900.00,-19800

1225,2020-05-12 04:33:52.000,37.00,0.00,900.00,-19800

1225,2020-05-12 04:18:52.000,37.00,0.00,900.00,-19800

1225,2020-05-12 04:03:52.000,37.00,0.00,900.00,-19800

1225,2020-05-12 03:48:52.000,37.00,0.00,900.00,-19800

1225,2020-05-12 03:33:52.000,37.00,0.00,900.00,-19800

1225,2020-05-12 03:18:52.000,37.00,0.00,900.00,-19800

1225,2020-05-12 03:03:52.000,37.00,0.00,900.00,-19800

1225,2020-05-12 02:48:52.000,37.00,0.00,900.00,-19800

1225,2020-05-12 02:33:52.000,37.00,0.00,900.00,-19800

1225,2020-05-12 02:18:52.000,37.00,0.00,900.00,-19800

1225,2020-05-12 02:03:52.000,37.00,0.00,900.00,-19800

1225,2020-05-12 01:48:52.000,37.00,0.00,900.00,-19800

1225,2020-05-12 01:33:52.000,37.00,0.00,900.00,-19800

1225,2020-05-12 01:18:52.000,37.00,0.00,900.00,-19800

1225,2020-05-12 01:03:52.000,37.00,0.00,900.00,-19800

1225,2020-05-12 00:48:52.000,37.00,0.00,900.00,-19800

1225,2020-05-12 00:33:52.000,38.00,0.00,900.00,-19800

1225,2020-05-12 00:18:52.000,38.00,0.00,900.00,-19800

1225,2020-05-12 00:03:52.000,38.00,0.00,900.00,-19800

1225,2020-05-11 23:48:52.000,38.00,0.00,900.00,-19800

1225,2020-05-11 23:33:52.000,38.00,0.00,900.00,-19800

1225,2020-05-11 23:18:52.000,38.00,0.00,900.00,-19800

1225,2020-05-11 23:03:52.000,38.00,0.00,900.00,-19800

1225,2020-05-11 22:48:52.000,38.00,0.00,900.00,-19800

1225,2020-05-11 22:33:51.000,38.00,0.00,900.00,-19800

1225,2020-05-11 22:18:51.000,38.00,0.00,900.00,-19800

1225,2020-05-11 22:03:51.000,38.00,0.00,900.00,-19800

1225,2020-05-11 21:48:51.000,38.00,0.00,900.00,-19800

1225,2020-05-11 21:33:51.000,38.00,0.00,900.00,-19800

1225,2020-05-11 21:18:51.000,38.00,0.00,900.00,-19800

1225,2020-05-11 21:03:51.000,38.00,0.00,900.00,-19800

1225,2020-05-11 20:48:51.000,38.00,0.00,900.00,-19800

1225,2020-05-11 20:33:51.000,38.00,0.00,900.00,-19800

1225,2020-05-11 20:18:51.000,38.00,0.00,900.00,-19800

1225,2020-05-11 20:03:51.000,38.00,0.00,900.00,-19800

1225,2020-05-11 19:48:51.000,38.00,0.00,900.00,-19800

1225,2020-05-11 19:33:51.000,38.00,0.00,900.00,-19800

1225,2020-05-11 19:18:51.000,38.00,0.00,900.00,-19800

1225,2020-05-11 19:03:51.000,38.00,0.00,900.00,-19800

1225,2020-05-11 18:48:51.000,38.00,0.00,900.00,-19800

1225,2020-05-11 18:33:51.000,38.00,0.00,900.00,-19800

1225,2020-05-11 18:18:51.000,38.00,0.00,900.00,-19800

1225,2020-05-11 18:03:51.000,38.00,0.00,900.00,-19800

1225,2020-05-11 17:48:51.000,39.00,0.00,900.00,-19800

1225,2020-05-11 17:33:51.000,39.00,0.00,900.00,-19800

1225,2020-05-11 17:18:51.000,39.00,0.00,900.00,-19800

1225,2020-05-11 17:03:51.000,39.00,0.00,900.00,-19800

1225,2020-05-11 16:48:51.000,39.00,0.00,900.00,-19800

1225,2020-05-11 16:33:51.000,39.00,0.00,900.00,-19800

1225,2020-05-11 16:18:51.000,39.00,0.00,900.00,-19800

1225,2020-05-11 16:03:51.000,39.00,0.00,900.00,-19800

1225,2020-05-11 15:48:51.000,39.00,0.00,900.00,-19800

1225,2020-05-11 15:33:51.000,40.00,0.00,900.00,-19800

1225,2020-05-11 15:18:51.000,39.00,0.00,900.00,-19800

1225,2020-05-11 15:03:51.000,39.00,0.00,900.00,-19800

1225,2020-05-11 14:48:51.000,39.00,0.00,900.00,-19800

1225,2020-05-11 14:33:51.000,39.00,0.00,900.00,-19800

1225,2020-05-11 14:18:51.000,39.00,0.00,900.00,-19800

1225,2020-05-11 14:03:51.000,39.00,0.00,900.00,-19800

1225,2020-05-11 13:48:51.000,39.00,0.00,900.00,-19800

1225,2020-05-11 13:33:50.000,39.00,0.00,900.00,-19800

1225,2020-05-11 13:18:50.000,39.00,0.00,900.00,-19800

1225,2020-05-11 13:03:50.000,39.00,0.00,900.00,-19800

1225,2020-05-11 12:48:50.000,39.00,0.00,900.00,-19800

1225,2020-05-11 12:33:50.000,39.00,0.00,900.00,-19800

1225,2020-05-11 12:18:50.000,39.00,0.00,900.00,-19800

1225,2020-05-11 12:03:50.000,40.00,0.00,900.00,-19800

1225,2020-05-11 11:48:50.000,39.00,0.00,900.00,-19800

1225,2020-05-11 11:33:50.000,39.00,0.00,900.00,-19800

1225,2020-05-11 11:18:50.000,39.00,0.00,900.00,-19800

1225,2020-05-11 11:03:50.000,39.00,0.00,900.00,-19800

1225,2020-05-11 10:48:50.000,39.00,0.00,900.00,-19800

1225,2020-05-11 10:33:50.000,39.00,0.00,900.00,-19800

1225,2020-05-11 10:18:50.000,39.00,0.00,900.00,-19800

1225,2020-05-11 10:03:50.000,39.00,0.00,900.00,-19800

1225,2020-05-11 09:48:50.000,39.00,0.00,900.00,-19800

1225,2020-05-11 09:33:50.000,39.00,0.00,900.00,-19800

1225,2020-05-11 09:18:50.000,39.00,0.00,900.00,-19800

1225,2020-05-11 09:03:50.000,39.00,0.00,900.00,-19800

1225,2020-05-11 08:48:50.000,38.00,0.00,900.00,-19800

1225,2020-05-11 08:33:50.000,38.00,0.00,900.00,-19800

1225,2020-05-11 08:18:50.000,38.00,0.00,900.00,-19800

1225,2020-05-11 08:03:50.000,38.00,0.00,900.00,-19800

1225,2020-05-11 07:48:50.000,38.00,0.00,900.00,-19800

1225,2020-05-11 07:33:50.000,38.00,0.00,900.00,-19800

1225,2020-05-11 07:18:50.000,38.00,0.00,900.00,-19800

1225,2020-05-11 07:03:50.000,38.00,0.00,900.00,-19800

1225,2020-05-11 06:48:50.000,38.00,0.00,900.00,-19800

1225,2020-05-11 06:33:50.000,38.00,0.00,900.00,-19800

1225,2020-05-11 06:18:50.000,38.00,0.00,900.00,-19800

1225,2020-05-11 06:03:50.000,38.00,0.00,900.00,-19800

1225,2020-05-11 05:48:50.000,38.00,0.00,900.00,-19800

1225,2020-05-11 05:33:50.000,38.00,0.00,900.00,-19800

1225,2020-05-11 05:18:49.000,38.00,0.00,900.00,-19800

1225,2020-05-11 05:03:49.000,38.00,0.00,900.00,-19800

1225,2020-05-11 04:48:49.000,38.00,0.00,900.00,-19800

1225,2020-05-11 04:33:49.000,38.00,0.00,900.00,-19800

1225,2020-05-11 04:18:49.000,38.00,0.00,900.00,-19800

1225,2020-05-11 04:03:49.000,38.00,0.00,900.00,-19800

1225,2020-05-11 03:48:49.000,38.00,0.00,900.00,-19800

1225,2020-05-11 03:33:49.000,38.00,0.00,900.00,-19800

1225,2020-05-11 03:18:49.000,38.00,0.00,900.00,-19800

1225,2020-05-11 03:03:49.000,38.00,0.00,900.00,-19800

1225,2020-05-11 02:48:49.000,38.00,0.00,900.00,-19800

1225,2020-05-11 02:33:49.000,38.00,0.00,900.00,-19800

1225,2020-05-11 02:18:49.000,38.00,0.00,900.00,-19800

1225,2020-05-11 02:03:49.000,38.00,0.00,900.00,-19800

1225,2020-05-11 01:48:49.000,38.00,0.00,900.00,-19800

1225,2020-05-11 01:33:49.000,38.00,0.00,900.00,-19800

1225,2020-05-11 01:18:49.000,38.00,0.00,900.00,-19800

1225,2020-05-11 01:03:49.000,38.00,0.00,900.00,-19800

1225,2020-05-11 00:48:49.000,38.00,0.00,900.00,-19800

1225,2020-05-11 00:33:49.000,38.00,0.00,900.00,-19800

1225,2020-05-11 00:18:49.000,38.00,0.00,900.00,-19800

1225,2020-05-11 00:03:49.000,38.00,0.00,900.00,-19800

1225,2020-05-10 23:48:49.000,38.00,0.00,900.00,-19800

1225,2020-05-10 23:33:49.000,38.00,0.00,900.00,-19800

1225,2020-05-10 23:18:49.000,38.00,0.00,900.00,-19800

1225,2020-05-10 23:03:49.000,38.00,0.00,900.00,-19800

1225,2020-05-10 22:48:49.000,38.00,0.00,900.00,-19800

1225,2020-05-10 22:33:49.000,38.00,0.00,900.00,-19800

1225,2020-05-10 22:18:49.000,38.00,0.00,900.00,-19800

1225,2020-05-10 22:03:49.000,38.00,0.00,900.00,-19800

1225,2020-05-10 21:48:49.000,38.00,0.00,900.00,-19800

1225,2020-05-10 21:33:49.000,38.00,0.00,900.00,-19800

1225,2020-05-10 21:18:49.000,38.00,0.00,900.00,-19800

1225,2020-05-10 21:03:49.000,38.00,0.00,900.00,-19800

1225,2020-05-10 20:48:49.000,38.00,0.00,900.00,-19800

1225,2020-05-10 20:33:48.000,38.00,0.00,900.00,-19800

1225,2020-05-10 20:18:48.000,38.00,0.00,900.00,-19800

1225,2020-05-10 20:03:48.000,38.00,0.00,900.00,-19800

1225,2020-05-10 19:48:48.000,38.00,0.00,900.00,-19800

1225,2020-05-10 19:33:48.000,38.00,0.00,900.00,-19800

1225,2020-05-10 19:18:48.000,38.00,0.00,900.00,-19800

1225,2020-05-10 19:03:48.000,38.00,0.00,900.00,-19800

1225,2020-05-10 18:48:48.000,38.00,0.00,900.00,-19800

1225,2020-05-10 18:33:48.000,38.00,0.00,900.00,-19800

1225,2020-05-10 18:18:48.000,38.00,0.00,900.00,-19800

1225,2020-05-10 18:03:48.000,38.00,0.00,900.00,-19800

1225,2020-05-10 17:48:48.000,38.00,0.00,900.00,-19800

1225,2020-05-10 17:33:48.000,38.00,0.00,900.00,-19800

1225,2020-05-10 17:18:48.000,38.00,0.00,900.00,-19800

1225,2020-05-10 17:03:48.000,38.00,0.00,900.00,-19800

1225,2020-05-10 16:48:48.000,38.00,0.00,900.00,-19800

1225,2020-05-10 16:33:48.000,38.00,0.00,900.00,-19800

1225,2020-05-10 16:18:48.000,38.00,0.00,900.00,-19800

1225,2020-05-10 16:03:48.000,38.00,0.00,900.00,-19800

1225,2020-05-10 15:48:48.000,38.00,0.00,900.00,-19800

1225,2020-05-10 15:33:48.000,38.00,0.00,900.00,-19800

1225,2020-05-10 15:18:48.000,38.00,0.00,900.00,-19800

1225,2020-05-10 15:03:48.000,38.00,0.00,900.00,-19800

1225,2020-05-10 14:48:48.000,38.00,0.00,900.00,-19800

1225,2020-05-10 14:33:48.000,38.00,0.00,900.00,-19800

1225,2020-05-10 14:18:48.000,38.00,0.00,900.00,-19800

1225,2020-05-10 14:03:48.000,38.00,0.00,900.00,-19800

1225,2020-05-10 13:48:48.000,38.00,0.00,900.00,-19800

1225,2020-05-10 13:33:48.000,38.00,0.00,900.00,-19800

1225,2020-05-10 13:18:48.000,38.00,0.00,900.00,-19800

1225,2020-05-10 13:03:48.000,38.00,0.00,900.00,-19800

1225,2020-05-10 12:48:48.000,38.00,0.00,900.00,-19800

1225,2020-05-10 12:33:48.000,38.00,0.00,900.00,-19800

1225,2020-05-10 12:18:48.000,38.00,0.00,900.00,-19800

1225,2020-05-10 12:03:48.000,38.00,0.00,900.00,-19800

1225,2020-05-10 11:48:48.000,38.00,0.00,900.00,-19800

1225,2020-05-10 11:33:47.000,38.00,0.00,900.00,-19800

1225,2020-05-10 11:18:47.000,38.00,0.00,900.00,-19800

1225,2020-05-10 11:03:47.000,38.00,0.00,900.00,-19800

1225,2020-05-10 10:48:47.000,38.00,0.00,900.00,-19800

1225,2020-05-10 10:33:47.000,38.00,0.00,900.00,-19800

1225,2020-05-10 10:18:47.000,38.00,0.00,900.00,-19800

1225,2020-05-10 10:03:47.000,38.00,0.00,900.00,-19800

1225,2020-05-10 09:48:47.000,38.00,0.00,900.00,-19800

1225,2020-05-10 09:33:47.000,38.00,0.00,900.00,-19800

1225,2020-05-10 09:18:47.000,38.00,0.00,900.00,-19800

1225,2020-05-10 09:03:47.000,38.00,0.00,900.00,-19800

1225,2020-05-10 08:48:47.000,38.00,0.00,900.00,-19800

1225,2020-05-10 08:33:47.000,38.00,0.00,900.00,-19800

1225,2020-05-10 08:18:47.000,38.00,0.00,900.00,-19800

1225,2020-05-10 08:03:47.000,38.00,0.00,900.00,-19800

1225,2020-05-10 07:48:47.000,38.00,0.00,900.00,-19800

1225,2020-05-10 07:33:47.000,38.00,0.00,900.00,-19800

1225,2020-05-10 07:18:47.000,38.00,0.00,900.00,-19800

1225,2020-05-10 07:03:47.000,38.00,0.00,900.00,-19800

1225,2020-05-10 06:48:47.000,38.00,0.00,900.00,-19800

1225,2020-05-10 06:33:47.000,38.00,0.00,900.00,-19800

1225,2020-05-10 06:18:47.000,38.00,0.00,900.00,-19800

1225,2020-05-10 06:03:47.000,38.00,0.00,900.00,-19800

1225,2020-05-10 05:48:47.000,38.00,0.00,900.00,-19800

1225,2020-05-10 05:33:47.000,38.00,0.00,900.00,-19800

1225,2020-05-10 05:18:47.000,38.00,0.00,900.00,-19800

1225,2020-05-10 05:03:47.000,38.00,0.00,900.00,-19800

1225,2020-05-10 04:48:47.000,38.00,0.00,900.00,-19800

1225,2020-05-10 04:33:47.000,38.00,0.00,900.00,-19800

1225,2020-05-10 04:18:47.000,38.00,0.00,900.00,-19800

1225,2020-05-10 04:03:47.000,38.00,0.00,900.00,-19800

1225,2020-05-10 03:48:47.000,38.00,0.00,900.00,-19800

1225,2020-05-10 03:33:47.000,38.00,0.00,900.00,-19800

1225,2020-05-10 03:18:47.000,38.00,0.00,900.00,-19800

1225,2020-05-10 03:03:47.000,38.00,0.00,900.00,-19800

1225,2020-05-10 02:48:47.000,38.00,0.00,900.00,-19800

1225,2020-05-10 02:33:46.000,38.00,0.00,900.00,-19800

1225,2020-05-10 02:18:46.000,38.00,0.00,900.00,-19800

1225,2020-05-10 02:03:46.000,38.00,0.00,900.00,-19800

1225,2020-05-10 01:48:46.000,38.00,0.00,900.00,-19800

1225,2020-05-10 01:33:46.000,38.00,0.00,900.00,-19800

1225,2020-05-10 01:18:46.000,38.00,0.00,900.00,-19800

1225,2020-05-10 01:03:46.000,38.00,0.00,900.00,-19800

1225,2020-05-10 00:48:46.000,38.00,0.00,900.00,-19800

1225,2020-05-10 00:33:46.000,38.00,0.00,900.00,-19800

1225,2020-05-10 00:18:46.000,38.00,0.00,900.00,-19800

1225,2020-05-10 00:03:46.000,38.00,0.00,900.00,-19800

1225,2020-05-09 23:48:46.000,38.00,0.00,900.00,-19800

1225,2020-05-09 23:33:46.000,38.00,0.00,900.00,-19800

1225,2020-05-09 23:18:46.000,38.00,0.00,900.00,-19800

1225,2020-05-09 23:03:46.000,38.00,0.00,900.00,-19800

1225,2020-05-09 22:48:46.000,38.00,0.00,900.00,-19800

1225,2020-05-09 22:33:46.000,38.00,0.00,900.00,-19800

1225,2020-05-09 22:18:46.000,38.00,0.00,900.00,-19800

1225,2020-05-09 22:03:46.000,38.00,0.00,900.00,-19800

1225,2020-05-09 21:48:46.000,38.00,0.00,900.00,-19800

1225,2020-05-09 21:33:46.000,38.00,0.00,900.00,-19800

1225,2020-05-09 21:18:46.000,38.00,0.00,900.00,-19800

1225,2020-05-09 21:03:46.000,38.00,0.00,900.00,-19800

1225,2020-05-09 20:48:46.000,38.00,0.00,900.00,-19800

1225,2020-05-09 20:33:46.000,38.00,0.00,900.00,-19800

1225,2020-05-09 20:18:46.000,38.00,0.00,900.00,-19800

1225,2020-05-09 20:03:46.000,38.00,0.00,900.00,-19800

1225,2020-05-09 19:48:46.000,38.00,0.00,900.00,-19800

1225,2020-05-09 19:33:46.000,38.00,0.00,900.00,-19800

1225,2020-05-09 19:18:46.000,38.00,0.00,900.00,-19800

1225,2020-05-09 19:03:46.000,38.00,0.00,900.00,-19800

1225,2020-05-09 18:48:46.000,38.00,0.00,900.00,-19800

1225,2020-05-09 18:33:46.000,38.00,0.00,900.00,-19800

1225,2020-05-09 18:18:46.000,38.00,0.00,900.00,-19800

1225,2020-05-09 18:03:46.000,38.00,0.00,900.00,-19800

1225,2020-05-09 17:48:46.000,39.00,0.00,900.00,-19800

1225,2020-05-09 17:33:45.000,39.00,0.00,900.00,-19800

1225,2020-05-09 17:18:45.000,39.00,0.00,900.00,-19800

1225,2020-05-09 17:03:45.000,39.00,0.00,900.00,-19800

1225,2020-05-09 16:48:45.000,39.00,0.00,900.00,-19800

1225,2020-05-09 16:33:45.000,39.00,0.00,900.00,-19800

1225,2020-05-09 16:18:45.000,39.00,0.00,900.00,-19800

1225,2020-05-09 16:03:45.000,39.00,0.00,900.00,-19800

1225,2020-05-09 15:48:45.000,39.00,0.00,900.00,-19800

1225,2020-05-09 15:33:45.000,39.00,0.00,900.00,-19800

1225,2020-05-09 15:18:45.000,39.00,0.00,900.00,-19800

1225,2020-05-09 15:03:45.000,39.00,0.00,900.00,-19800

1225,2020-05-09 14:48:45.000,39.00,0.00,900.00,-19800

1225,2020-05-09 14:33:45.000,39.00,0.00,900.00,-19800

1225,2020-05-09 14:18:45.000,39.00,0.00,900.00,-19800

1225,2020-05-09 14:03:45.000,39.00,0.00,900.00,-19800

1225,2020-05-09 13:48:45.000,39.00,0.00,900.00,-19800

1225,2020-05-09 13:33:45.000,39.00,0.00,900.00,-19800

1225,2020-05-09 13:18:45.000,39.00,0.00,900.00,-19800

1225,2020-05-09 13:03:45.000,39.00,0.00,900.00,-19800

1225,2020-05-09 12:48:45.000,39.00,0.00,900.00,-19800

1225,2020-05-09 12:33:45.000,39.00,0.00,900.00,-19800

1225,2020-05-09 12:18:45.000,39.00,0.00,900.00,-19800

1225,2020-05-09 12:03:45.000,39.00,0.00,900.00,-19800

1225,2020-05-09 11:48:45.000,39.00,0.00,900.00,-19800

1225,2020-05-09 11:33:45.000,39.00,0.00,900.00,-19800

1225,2020-05-09 11:18:45.000,39.00,0.00,900.00,-19800

1225,2020-05-09 11:03:45.000,39.00,0.00,900.00,-19800

1225,2020-05-09 10:48:45.000,39.00,0.00,900.00,-19800

1225,2020-05-09 10:33:45.000,39.00,0.00,900.00,-19800

1225,2020-05-09 10:18:45.000,39.00,0.00,900.00,-19800

1225,2020-05-09 10:03:45.000,39.00,0.00,900.00,-19800

1225,2020-05-09 09:48:45.000,39.00,0.00,900.00,-19800

1225,2020-05-09 09:33:44.000,38.00,0.00,900.00,-19800

1225,2020-05-09 09:18:44.000,38.00,0.00,900.00,-19800

1225,2020-05-09 09:03:44.000,38.00,0.00,900.00,-19800

1225,2020-05-09 08:48:44.000,38.00,0.00,900.00,-19800

1225,2020-05-09 08:33:44.000,38.00,0.00,900.00,-19800

1225,2020-05-09 08:18:44.000,38.00,0.00,900.00,-19800

1225,2020-05-09 08:03:44.000,38.00,0.00,900.00,-19800

1225,2020-05-09 07:48:44.000,38.00,0.00,900.00,-19800

1225,2020-05-09 07:33:44.000,38.00,0.00,900.00,-19800

1225,2020-05-09 07:18:44.000,38.00,0.00,900.00,-19800

1225,2020-05-09 07:03:44.000,38.00,0.00,900.00,-19800

1225,2020-05-09 06:48:44.000,38.00,0.00,900.00,-19800

1225,2020-05-09 06:33:44.000,38.00,0.00,900.00,-19800

1225,2020-05-09 06:18:44.000,38.00,0.00,900.00,-19800

1225,2020-05-09 06:03:44.000,38.00,0.00,900.00,-19800

1225,2020-05-09 05:48:44.000,38.00,0.00,900.00,-19800

1225,2020-05-09 05:33:44.000,38.00,0.00,900.00,-19800

1225,2020-05-09 05:18:44.000,38.00,0.00,900.00,-19800

1225,2020-05-09 05:03:44.000,38.00,0.00,900.00,-19800

1225,2020-05-09 04:48:44.000,38.00,0.00,900.00,-19800

1225,2020-05-09 04:33:44.000,38.00,0.00,900.00,-19800

1225,2020-05-09 04:18:44.000,38.00,0.00,900.00,-19800

1225,2020-05-09 04:03:44.000,38.00,0.00,900.00,-19800

1225,2020-05-09 03:48:44.000,38.00,0.00,900.00,-19800

1225,2020-05-09 03:33:44.000,38.00,0.00,900.00,-19800

1225,2020-05-09 03:18:44.000,38.00,0.00,900.00,-19800

1225,2020-05-09 03:03:46.000,38.00,0.00,900.00,-19800

1225,2020-05-09 02:48:44.000,38.00,0.00,900.00,-19800

1225,2020-05-09 02:33:44.000,38.00,0.00,900.00,-19800

1225,2020-05-09 02:18:44.000,38.00,0.00,900.00,-19800

1225,2020-05-09 02:03:44.000,38.00,0.00,900.00,-19800

1225,2020-05-09 01:48:44.000,38.00,0.00,900.00,-19800

1225,2020-05-09 01:33:44.000,38.00,0.00,900.00,-19800

1225,2020-05-09 01:18:44.000,38.00,0.00,900.00,-19800

1225,2020-05-09 01:03:44.000,38.00,0.00,900.00,-19800

1225,2020-05-09 00:48:44.000,38.00,0.00,900.00,-19800

1225,2020-05-09 00:33:43.000,38.00,0.00,900.00,-19800

1225,2020-05-09 00:18:43.000,38.00,0.00,900.00,-19800

1225,2020-05-09 00:03:43.000,38.00,0.00,900.00,-19800

1225,2020-05-08 23:48:43.000,38.00,0.00,900.00,-19800

1225,2020-05-08 23:33:43.000,38.00,0.00,900.00,-19800

1225,2020-05-08 23:18:43.000,38.00,0.00,900.00,-19800

1225,2020-05-08 23:03:43.000,38.00,0.00,900.00,-19800

1225,2020-05-08 22:48:43.000,38.00,0.00,900.00,-19800

1225,2020-05-08 22:33:43.000,38.00,0.00,900.00,-19800

1225,2020-05-08 22:18:43.000,38.00,0.00,900.00,-19800

1225,2020-05-08 22:03:43.000,38.00,0.00,900.00,-19800

1225,2020-05-08 21:48:43.000,38.00,0.00,900.00,-19800

1225,2020-05-08 21:33:43.000,38.00,0.00,900.00,-19800

1225,2020-05-08 21:18:43.000,38.00,0.00,900.00,-19800

1225,2020-05-08 21:03:43.000,38.00,0.00,900.00,-19800

1225,2020-05-08 20:48:43.000,38.00,0.00,900.00,-19800

1225,2020-05-08 20:33:43.000,38.00,0.00,900.00,-19800

1225,2020-05-08 20:18:43.000,38.00,0.00,900.00,-19800

1225,2020-05-08 20:03:43.000,38.00,0.00,900.00,-19800

1225,2020-05-08 19:48:43.000,38.00,0.00,900.00,-19800

1225,2020-05-08 19:33:43.000,38.00,0.00,900.00,-19800

1225,2020-05-08 19:18:43.000,39.00,0.00,900.00,-19800

1225,2020-05-08 19:03:43.000,39.00,0.00,900.00,-19800

1225,2020-05-08 18:48:43.000,39.00,0.00,900.00,-19800

1225,2020-05-08 18:33:43.000,39.00,0.00,900.00,-19800

1225,2020-05-08 18:18:43.000,39.00,0.00,900.00,-19800

1225,2020-05-08 18:03:43.000,39.00,0.00,900.00,-19800

1225,2020-05-08 17:48:43.000,39.00,0.00,900.00,-19800

1225,2020-05-08 17:33:43.000,39.00,0.00,900.00,-19800

1225,2020-05-08 17:18:43.000,39.00,0.00,900.00,-19800

1225,2020-05-08 17:03:43.000,39.00,0.00,900.00,-19800

1225,2020-05-08 16:48:43.000,39.00,0.00,900.00,-19800

1225,2020-05-08 16:33:43.000,39.00,0.00,900.00,-19800

1225,2020-05-08 16:18:43.000,39.00,0.00,900.00,-19800

1225,2020-05-08 16:03:43.000,39.00,0.00,900.00,-19800

1225,2020-05-08 15:48:43.000,39.00,0.00,900.00,-19800

1225,2020-05-08 15:33:42.000,39.00,0.00,900.00,-19800

1225,2020-05-08 15:18:42.000,39.00,0.00,900.00,-19800

1225,2020-05-08 15:03:42.000,39.00,0.00,900.00,-19800

1225,2020-05-08 14:48:42.000,39.00,0.00,900.00,-19800

1225,2020-05-08 14:33:42.000,39.00,0.00,900.00,-19800

1225,2020-05-08 14:18:42.000,39.00,0.00,900.00,-19800

1225,2020-05-08 14:03:42.000,39.00,0.00,900.00,-19800

1225,2020-05-08 13:48:42.000,39.00,0.00,900.00,-19800

1225,2020-05-08 13:33:42.000,39.00,0.00,900.00,-19800

1225,2020-05-08 13:18:42.000,40.00,0.00,900.00,-19800

1225,2020-05-08 13:03:42.000,39.00,0.00,900.00,-19800

1225,2020-05-08 12:48:42.000,39.00,0.00,900.00,-19800

1225,2020-05-08 12:33:42.000,39.00,0.00,900.00,-19800

1225,2020-05-08 12:18:42.000,39.00,0.00,900.00,-19800

1225,2020-05-08 12:03:42.000,40.00,0.00,900.00,-19800

1225,2020-05-08 11:48:42.000,39.00,0.00,900.00,-19800

1225,2020-05-08 11:33:42.000,39.00,0.00,900.00,-19800

1225,2020-05-08 11:18:42.000,39.00,0.00,900.00,-19800

1225,2020-05-08 11:03:42.000,39.00,0.00,900.00,-19800

1225,2020-05-08 10:48:42.000,39.00,0.00,900.00,-19800

1225,2020-05-08 10:33:42.000,39.00,0.00,900.00,-19800

1225,2020-05-08 10:18:42.000,39.00,0.00,900.00,-19800

1225,2020-05-08 10:03:42.000,39.00,0.00,900.00,-19800

1225,2020-05-08 09:48:42.000,39.00,0.00,900.00,-19800

1225,2020-05-08 09:33:42.000,39.00,0.00,900.00,-19800

1225,2020-05-08 09:18:42.000,39.00,0.00,900.00,-19800

1225,2020-05-08 09:03:42.000,39.00,0.00,900.00,-19800

1225,2020-05-08 08:48:42.000,38.00,0.00,900.00,-19800

1225,2020-05-08 08:33:42.000,38.00,0.00,900.00,-19800

1225,2020-05-08 08:18:42.000,38.00,0.00,900.00,-19800

1225,2020-05-08 08:03:42.000,38.00,0.00,900.00,-19800

1225,2020-05-08 07:48:42.000,38.00,0.00,900.00,-19800

1225,2020-05-08 07:33:42.000,38.00,0.00,900.00,-19800

1225,2020-05-08 07:18:42.000,38.00,0.00,900.00,-19800

1225,2020-05-08 07:03:42.000,38.00,0.00,900.00,-19800

1225,2020-05-08 06:48:42.000,38.00,0.00,900.00,-19800

1225,2020-05-08 06:33:41.000,38.00,0.00,900.00,-19800

1225,2020-05-08 06:18:41.000,38.00,0.00,900.00,-19800

1225,2020-05-08 06:03:41.000,38.00,0.00,900.00,-19800

1225,2020-05-08 05:48:41.000,38.00,0.00,900.00,-19800

1225,2020-05-08 05:33:41.000,38.00,0.00,900.00,-19800

1225,2020-05-08 05:18:41.000,38.00,0.00,900.00,-19800

1225,2020-05-08 05:03:41.000,38.00,0.00,900.00,-19800

1225,2020-05-08 04:48:41.000,38.00,0.00,900.00,-19800

1225,2020-05-08 04:33:41.000,38.00,0.00,900.00,-19800

1225,2020-05-08 04:18:41.000,38.00,0.00,900.00,-19800

1225,2020-05-08 04:03:41.000,38.00,0.00,900.00,-19800

1225,2020-05-08 03:48:41.000,38.00,0.00,900.00,-19800

1225,2020-05-08 03:33:41.000,38.00,0.00,900.00,-19800

1225,2020-05-08 03:18:41.000,38.00,0.00,900.00,-19800

1225,2020-05-08 03:03:41.000,38.00,0.00,900.00,-19800

1225,2020-05-08 02:48:41.000,38.00,0.00,900.00,-19800

1225,2020-05-08 02:33:41.000,38.00,0.00,900.00,-19800

1225,2020-05-08 02:18:41.000,38.00,0.00,900.00,-19800

1225,2020-05-08 02:03:41.000,38.00,0.00,900.00,-19800

1225,2020-05-08 01:48:41.000,38.00,0.00,900.00,-19800

1225,2020-05-08 01:33:41.000,38.00,0.00,900.00,-19800

1225,2020-05-08 01:18:41.000,38.00,0.00,900.00,-19800

1225,2020-05-08 01:03:41.000,38.00,0.00,900.00,-19800

1225,2020-05-08 00:48:41.000,38.00,0.00,900.00,-19800

1225,2020-05-08 00:33:41.000,38.00,0.00,900.00,-19800

1225,2020-05-08 00:18:41.000,38.00,0.00,900.00,-19800

1225,2020-05-08 00:03:41.000,38.00,0.00,900.00,-19800

1225,2020-05-07 23:48:41.000,38.00,0.00,900.00,-19800

1225,2020-05-07 23:33:41.000,38.00,0.00,900.00,-19800

1225,2020-05-07 23:18:41.000,38.00,0.00,900.00,-19800

1225,2020-05-07 23:03:41.000,38.00,0.00,900.00,-19800

1225,2020-05-07 22:48:41.000,38.00,0.00,900.00,-19800

1225,2020-05-07 22:33:40.000,38.00,0.00,900.00,-19800

1225,2020-05-07 22:18:40.000,38.00,0.00,900.00,-19800

1225,2020-05-07 22:03:40.000,38.00,0.00,900.00,-19800

1225,2020-05-07 21:48:40.000,38.00,0.00,900.00,-19800

1225,2020-05-07 21:33:40.000,38.00,0.00,900.00,-19800

1225,2020-05-07 21:18:40.000,38.00,0.00,900.00,-19800

1225,2020-05-07 21:03:40.000,38.00,0.00,900.00,-19800

1225,2020-05-07 20:48:40.000,38.00,0.00,900.00,-19800

1225,2020-05-07 20:33:40.000,38.00,0.00,900.00,-19800

1225,2020-05-07 20:18:40.000,38.00,0.00,900.00,-19800

1225,2020-05-07 20:03:40.000,38.00,0.00,900.00,-19800

1225,2020-05-07 19:48:40.000,38.00,0.00,900.00,-19800

1225,2020-05-07 19:33:40.000,38.00,0.00,900.00,-19800

1225,2020-05-07 19:18:40.000,38.00,0.00,900.00,-19800

1225,2020-05-07 19:03:40.000,38.00,0.00,900.00,-19800

1225,2020-05-07 18:48:40.000,38.00,0.00,900.00,-19800

1225,2020-05-07 18:33:40.000,39.00,0.00,900.00,-19800

1225,2020-05-07 18:18:40.000,39.00,0.00,900.00,-19800

1225,2020-05-07 18:03:40.000,39.00,0.00,900.00,-19800

1225,2020-05-07 17:48:40.000,39.00,0.00,900.00,-19800

1225,2020-05-07 17:33:40.000,39.00,0.00,900.00,-19800

1225,2020-05-07 17:18:40.000,39.00,0.00,900.00,-19800

1225,2020-05-07 17:03:40.000,39.00,0.00,900.00,-19800

1225,2020-05-07 16:48:40.000,39.00,0.00,900.00,-19800

1225,2020-05-07 16:33:40.000,39.00,0.00,900.00,-19800

1225,2020-05-07 16:18:40.000,39.00,0.00,900.00,-19800

1225,2020-05-07 16:03:40.000,39.00,0.00,900.00,-19800

1225,2020-05-07 15:48:40.000,39.00,0.00,900.00,-19800

1225,2020-05-07 15:33:40.000,39.00,0.00,900.00,-19800

1225,2020-05-07 15:18:40.000,39.00,0.00,900.00,-19800

1225,2020-05-07 15:03:40.000,39.00,0.00,900.00,-19800

1225,2020-05-07 14:48:40.000,39.00,0.00,900.00,-19800

1225,2020-05-07 14:33:40.000,39.00,0.00,900.00,-19800

1225,2020-05-07 14:18:40.000,39.00,0.00,900.00,-19800

1225,2020-05-07 14:03:40.000,39.00,0.00,900.00,-19800

1225,2020-05-07 13:48:40.000,39.00,0.00,900.00,-19800

1225,2020-05-07 13:33:39.000,39.00,0.00,900.00,-19800

1225,2020-05-07 13:18:39.000,39.00,0.00,900.00,-19800

1225,2020-05-07 13:03:39.000,39.00,0.00,900.00,-19800

1225,2020-05-07 12:48:39.000,40.00,0.00,900.00,-19800

1225,2020-05-07 12:33:39.000,39.00,0.00,900.00,-19800

1225,2020-05-07 12:18:39.000,39.00,0.00,900.00,-19800

1225,2020-05-07 12:03:39.000,39.00,0.00,900.00,-19800

1225,2020-05-07 11:48:39.000,39.00,0.00,900.00,-19800

1225,2020-05-07 11:33:39.000,39.00,0.00,900.00,-19800

1225,2020-05-07 11:18:39.000,39.00,0.00,900.00,-19800

1225,2020-05-07 11:03:39.000,39.00,0.00,900.00,-19800

1225,2020-05-07 10:48:39.000,39.00,0.00,900.00,-19800

1225,2020-05-07 10:33:39.000,39.00,0.00,900.00,-19800

1225,2020-05-07 10:18:39.000,39.00,0.00,900.00,-19800

1225,2020-05-07 10:03:39.000,39.00,0.00,900.00,-19800

1225,2020-05-07 09:48:39.000,39.00,0.00,900.00,-19800

1225,2020-05-07 09:33:39.000,39.00,0.00,900.00,-19800

1225,2020-05-07 09:18:39.000,39.00,0.00,900.00,-19800

1225,2020-05-07 09:03:39.000,39.00,0.00,900.00,-19800

1225,2020-05-07 08:48:39.000,39.00,0.00,900.00,-19800

1225,2020-05-07 08:33:39.000,39.00,0.00,900.00,-19800

1225,2020-05-07 08:18:39.000,39.00,0.00,900.00,-19800

1225,2020-05-07 08:03:39.000,38.00,0.00,900.00,-19800

1225,2020-05-07 07:48:39.000,38.00,0.00,900.00,-19800

1225,2020-05-07 07:33:39.000,38.00,0.00,900.00,-19800

1225,2020-05-07 07:18:39.000,38.00,0.00,900.00,-19800

1225,2020-05-07 07:03:39.000,38.00,0.00,900.00,-19800

1225,2020-05-07 06:48:39.000,38.00,0.00,900.00,-19800

1225,2020-05-07 06:33:39.000,38.00,0.00,900.00,-19800

1225,2020-05-07 06:18:39.000,38.00,0.00,900.00,-19800

1225,2020-05-07 06:03:39.000,38.00,0.00,900.00,-19800

1225,2020-05-07 05:48:39.000,38.00,0.00,900.00,-19800

1225,2020-05-07 05:33:39.000,38.00,0.00,900.00,-19800

1225,2020-05-07 05:18:39.000,38.00,0.00,900.00,-19800

1225,2020-05-07 05:03:39.000,38.00,0.00,900.00,-19800

1225,2020-05-07 04:48:39.000,38.00,0.00,900.00,-19800

1225,2020-05-07 04:33:38.000,38.00,0.00,900.00,-19800

1225,2020-05-07 04:18:38.000,38.00,0.00,900.00,-19800

1225,2020-05-07 04:03:38.000,38.00,0.00,900.00,-19800

1225,2020-05-07 03:48:38.000,38.00,0.00,900.00,-19800

1225,2020-05-07 03:33:38.000,37.00,0.00,900.00,-19800

1225,2020-05-07 03:18:38.000,37.00,0.00,900.00,-19800

1225,2020-05-07 03:03:38.000,37.00,0.00,900.00,-19800

1225,2020-05-07 02:48:38.000,37.00,0.00,900.00,-19800

1225,2020-05-07 02:33:38.000,37.00,0.00,900.00,-19800

1225,2020-05-07 02:18:38.000,37.00,0.00,900.00,-19800

1225,2020-05-07 02:03:38.000,38.00,0.00,900.00,-19800

1225,2020-05-07 01:48:38.000,38.00,0.00,900.00,-19800

1225,2020-05-07 01:33:38.000,38.00,0.00,900.00,-19800

1225,2020-05-07 01:18:38.000,38.00,0.00,900.00,-19800

1225,2020-05-07 01:03:38.000,38.00,0.00,900.00,-19800

1225,2020-05-07 00:48:38.000,38.00,0.00,900.00,-19800

1225,2020-05-07 00:33:38.000,38.00,0.00,900.00,-19800

1225,2020-05-07 00:18:38.000,38.00,0.00,900.00,-19800

1225,2020-05-07 00:03:38.000,38.00,0.00,900.00,-19800

1225,2020-05-06 23:48:38.000,38.00,0.00,900.00,-19800

1225,2020-05-06 23:33:38.000,38.00,0.00,900.00,-19800

1225,2020-05-06 23:18:38.000,38.00,0.00,900.00,-19800

1225,2020-05-06 23:03:38.000,38.00,0.00,900.00,-19800

1225,2020-05-06 22:48:38.000,38.00,0.00,900.00,-19800

1225,2020-05-06 22:33:38.000,38.00,0.00,900.00,-19800

1225,2020-05-06 22:18:38.000,38.00,0.00,900.00,-19800

1225,2020-05-06 22:03:38.000,38.00,0.00,900.00,-19800

1225,2020-05-06 21:48:38.000,38.00,0.00,900.00,-19800

1225,2020-05-06 21:33:38.000,38.00,0.00,900.00,-19800

1225,2020-05-06 21:18:38.000,38.00,0.00,900.00,-19800

1225,2020-05-06 21:03:38.000,38.00,0.00,900.00,-19800

1225,2020-05-06 20:48:38.000,38.00,0.00,900.00,-19800

1225,2020-05-06 20:33:38.000,38.00,0.00,900.00,-19800

1225,2020-05-06 20:18:38.000,38.00,0.00,900.00,-19800

1225,2020-05-06 20:03:38.000,38.00,0.00,900.00,-19800

1225,2020-05-06 19:48:38.000,38.00,0.00,900.00,-19800

1225,2020-05-06 19:33:37.000,38.00,0.00,900.00,-19800

1225,2020-05-06 19:18:37.000,38.00,0.00,900.00,-19800

1225,2020-05-06 19:03:37.000,38.00,0.00,900.00,-19800

1225,2020-05-06 18:48:37.000,38.00,0.00,900.00,-19800

1225,2020-05-06 18:33:37.000,38.00,0.00,900.00,-19800

1225,2020-05-06 18:18:37.000,38.00,0.00,900.00,-19800

1225,2020-05-06 18:03:37.000,39.00,0.00,900.00,-19800

1225,2020-05-06 17:48:37.000,39.00,0.00,900.00,-19800

1225,2020-05-06 17:33:37.000,39.00,0.00,900.00,-19800

1225,2020-05-06 17:18:37.000,39.00,0.00,900.00,-19800

1225,2020-05-06 17:03:37.000,39.00,0.00,900.00,-19800

1225,2020-05-06 16:48:37.000,39.00,0.00,900.00,-19800

1225,2020-05-06 16:33:37.000,39.00,0.00,900.00,-19800

1225,2020-05-06 16:18:37.000,39.00,0.00,900.00,-19800

1225,2020-05-06 16:03:37.000,39.00,0.00,900.00,-19800

1225,2020-05-06 15:48:37.000,39.00,0.00,900.00,-19800

1225,2020-05-06 15:33:37.000,39.00,0.00,900.00,-19800

1225,2020-05-06 15:18:37.000,39.00,0.00,900.00,-19800

1225,2020-05-06 15:03:37.000,39.00,0.00,900.00,-19800

1225,2020-05-06 14:48:37.000,39.00,0.00,900.00,-19800

1225,2020-05-06 14:33:37.000,39.00,0.00,900.00,-19800

1225,2020-05-06 14:18:37.000,39.00,0.00,900.00,-19800

1225,2020-05-06 14:03:37.000,39.00,0.00,900.00,-19800

1225,2020-05-06 13:48:37.000,39.00,0.00,900.00,-19800

1225,2020-05-06 13:33:37.000,39.00,0.00,900.00,-19800

1225,2020-05-06 13:18:37.000,39.00,0.00,900.00,-19800

1225,2020-05-06 13:03:37.000,39.00,0.00,900.00,-19800

1225,2020-05-06 12:48:37.000,39.00,0.00,900.00,-19800

1225,2020-05-06 12:33:37.000,39.00,0.00,900.00,-19800

1225,2020-05-06 12:18:37.000,39.00,0.00,900.00,-19800

1225,2020-05-06 12:03:37.000,39.00,0.00,900.00,-19800

1225,2020-05-06 11:48:37.000,39.00,0.00,900.00,-19800

1225,2020-05-06 11:33:37.000,39.00,0.00,900.00,-19800

1225,2020-05-06 11:18:37.000,39.00,0.00,900.00,-19800

1225,2020-05-06 11:03:37.000,39.00,0.00,900.00,-19800

1225,2020-05-06 10:48:37.000,39.00,0.00,900.00,-19800

1225,2020-05-06 10:33:36.000,39.00,0.00,900.00,-19800

1225,2020-05-06 10:18:36.000,39.00,0.00,900.00,-19800

1225,2020-05-06 10:03:36.000,39.00,0.00,900.00,-19800

1225,2020-05-06 09:48:36.000,39.00,0.00,900.00,-19800

1225,2020-05-06 09:33:36.000,39.00,0.00,900.00,-19800

1225,2020-05-06 09:18:36.000,39.00,0.00,900.00,-19800

1225,2020-05-06 09:03:36.000,39.00,0.00,900.00,-19800

1225,2020-05-06 08:48:36.000,39.00,0.00,900.00,-19800

1225,2020-05-06 08:33:36.000,38.00,0.00,900.00,-19800

1225,2020-05-06 08:18:36.000,38.00,0.00,900.00,-19800

1225,2020-05-06 08:03:36.000,38.00,0.00,900.00,-19800

1225,2020-05-06 07:48:36.000,38.00,0.00,900.00,-19800

1225,2020-05-06 07:33:36.000,38.00,0.00,900.00,-19800

1225,2020-05-06 07:18:36.000,38.00,0.00,900.00,-19800

1225,2020-05-06 07:03:36.000,38.00,0.00,900.00,-19800

1225,2020-05-06 06:48:36.000,38.00,0.00,900.00,-19800

1225,2020-05-06 06:33:36.000,38.00,0.00,900.00,-19800

1225,2020-05-06 06:18:36.000,38.00,0.00,900.00,-19800

1225,2020-05-06 06:03:36.000,38.00,0.00,900.00,-19800

1225,2020-05-06 05:48:36.000,38.00,0.00,900.00,-19800

1225,2020-05-06 05:33:36.000,38.00,0.00,900.00,-19800

1225,2020-05-06 05:18:36.000,38.00,0.00,900.00,-19800

1225,2020-05-06 05:03:36.000,38.00,0.00,900.00,-19800

1225,2020-05-06 04:48:36.000,38.00,0.00,900.00,-19800

1225,2020-05-06 04:33:36.000,38.00,0.00,900.00,-19800

1225,2020-05-06 04:18:36.000,38.00,0.00,900.00,-19800

1225,2020-05-06 04:03:36.000,38.00,0.00,900.00,-19800

1225,2020-05-06 03:48:36.000,38.00,0.00,900.00,-19800

1225,2020-05-06 03:33:36.000,38.00,0.00,900.00,-19800

1225,2020-05-06 03:18:36.000,38.00,0.00,900.00,-19800

1225,2020-05-06 03:03:36.000,38.00,0.00,900.00,-19800

1225,2020-05-06 02:48:36.000,38.00,0.00,900.00,-19800

1225,2020-05-06 02:33:36.000,38.00,0.00,900.00,-19800

1225,2020-05-06 02:18:36.000,38.00,0.00,900.00,-19800

1225,2020-05-06 02:03:36.000,38.00,0.00,900.00,-19800

1225,2020-05-06 01:48:36.000,38.00,0.00,900.00,-19800

1225,2020-05-06 01:33:35.000,38.00,0.00,900.00,-19800

1225,2020-05-06 01:18:35.000,38.00,0.00,900.00,-19800

1225,2020-05-06 01:03:35.000,38.00,0.00,900.00,-19800

1225,2020-05-06 00:48:35.000,38.00,0.00,900.00,-19800

1225,2020-05-06 00:33:35.000,38.00,0.00,900.00,-19800

1225,2020-05-06 00:18:35.000,38.00,0.00,900.00,-19800

1225,2020-05-06 00:03:37.000,38.00,0.00,900.00,-19800

1225,2020-05-05 23:48:35.000,38.00,0.00,900.00,-19800

1225,2020-05-05 23:33:35.000,38.00,0.00,900.00,-19800

1225,2020-05-05 23:18:35.000,38.00,0.00,900.00,-19800

1225,2020-05-05 23:03:35.000,38.00,0.00,900.00,-19800

1225,2020-05-05 22:48:35.000,38.00,0.00,900.00,-19800

1225,2020-05-05 22:33:35.000,38.00,0.00,900.00,-19800

1225,2020-05-05 22:18:35.000,38.00,0.00,900.00,-19800

1225,2020-05-05 22:03:35.000,38.00,0.00,900.00,-19800

1225,2020-05-05 21:48:35.000,38.00,0.00,900.00,-19800

1225,2020-05-05 21:33:35.000,38.00,0.00,900.00,-19800

1225,2020-05-05 21:18:35.000,38.00,0.00,900.00,-19800

1225,2020-05-05 21:03:35.000,38.00,0.00,900.00,-19800

1225,2020-05-05 20:48:35.000,38.00,0.00,900.00,-19800

1225,2020-05-05 20:33:35.000,38.00,0.00,900.00,-19800

1225,2020-05-05 20:18:35.000,38.00,0.00,900.00,-19800

1225,2020-05-05 20:03:35.000,38.00,0.00,900.00,-19800

1225,2020-05-05 19:48:35.000,38.00,0.00,900.00,-19800

1225,2020-05-05 19:33:35.000,38.00,0.00,900.00,-19800

1225,2020-05-05 19:18:35.000,38.00,0.00,900.00,-19800

1225,2020-05-05 19:03:35.000,39.00,0.00,900.00,-19800

1225,2020-05-05 18:48:35.000,39.00,0.00,900.00,-19800

1225,2020-05-05 18:33:35.000,39.00,0.00,900.00,-19800

1225,2020-05-05 18:18:35.000,39.00,0.00,900.00,-19800

1225,2020-05-05 18:03:35.000,39.00,0.00,900.00,-19800

1225,2020-05-05 17:48:35.000,39.00,0.00,900.00,-19800

1225,2020-05-05 17:33:34.000,39.00,0.00,900.00,-19800

1225,2020-05-05 17:18:34.000,39.00,0.00,900.00,-19800

1225,2020-05-05 17:03:34.000,39.00,0.00,900.00,-19800

1225,2020-05-05 16:48:34.000,39.00,0.00,900.00,-19800

1225,2020-05-05 16:33:34.000,39.00,0.00,900.00,-19800

1225,2020-05-05 16:18:34.000,39.00,0.00,900.00,-19800

1225,2020-05-05 16:03:34.000,39.00,0.00,900.00,-19800

1225,2020-05-05 15:48:34.000,39.00,0.00,900.00,-19800

1225,2020-05-05 15:33:34.000,39.00,0.00,900.00,-19800

1225,2020-05-05 15:18:34.000,39.00,0.00,900.00,-19800

1225,2020-05-05 15:03:34.000,39.00,0.00,900.00,-19800

1225,2020-05-05 14:48:34.000,39.00,0.00,900.00,-19800

1225,2020-05-05 14:33:34.000,39.00,0.00,900.00,-19800

1225,2020-05-05 14:18:34.000,39.00,0.00,900.00,-19800

1225,2020-05-05 14:03:34.000,39.00,0.00,900.00,-19800

1225,2020-05-05 13:48:34.000,39.00,0.00,900.00,-19800

1225,2020-05-05 13:33:34.000,39.00,0.00,900.00,-19800

1225,2020-05-05 13:18:34.000,39.00,0.00,900.00,-19800

1225,2020-05-05 13:03:34.000,39.00,0.00,900.00,-19800

1225,2020-05-05 12:48:34.000,39.00,0.00,900.00,-19800

1225,2020-05-05 12:33:34.000,39.00,0.00,900.00,-19800

1225,2020-05-05 12:18:34.000,39.00,0.00,900.00,-19800

1225,2020-05-05 12:03:34.000,39.00,0.00,900.00,-19800

1225,2020-05-05 11:48:34.000,39.00,0.00,900.00,-19800

1225,2020-05-05 11:33:34.000,39.00,0.00,900.00,-19800

1225,2020-05-05 11:18:34.000,39.00,0.00,900.00,-19800

1225,2020-05-05 11:03:34.000,39.00,0.00,900.00,-19800

1225,2020-05-05 10:48:34.000,39.00,0.00,900.00,-19800

1225,2020-05-05 10:33:34.000,39.00,0.00,900.00,-19800

1225,2020-05-05 10:18:36.000,39.00,0.00,900.00,-19800

1225,2020-05-05 10:03:34.000,39.00,0.00,900.00,-19800

1225,2020-05-05 09:48:34.000,39.00,0.00,900.00,-19800

1225,2020-05-05 09:33:36.000,39.00,0.00,900.00,-19800

1225,2020-05-05 09:18:34.000,39.00,0.00,900.00,-19800

1225,2020-05-05 09:03:34.000,38.00,0.00,900.00,-19800

1225,2020-05-05 08:48:34.000,38.00,0.00,900.00,-19800

1225,2020-05-05 08:33:33.000,38.00,0.00,900.00,-19800

1225,2020-05-05 08:18:33.000,38.00,0.00,900.00,-19800

1225,2020-05-05 08:03:33.000,38.00,0.00,900.00,-19800

1225,2020-05-05 07:48:33.000,38.00,0.00,900.00,-19800

1225,2020-05-05 07:33:33.000,38.00,0.00,900.00,-19800

1225,2020-05-05 07:18:33.000,38.00,0.00,900.00,-19800

1225,2020-05-05 07:03:33.000,38.00,0.00,900.00,-19800

1225,2020-05-05 06:48:33.000,38.00,0.00,900.00,-19800

1225,2020-05-05 06:33:33.000,38.00,0.00,900.00,-19800

1225,2020-05-05 06:18:33.000,38.00,0.00,900.00,-19800

1225,2020-05-05 06:03:33.000,38.00,0.00,900.00,-19800

1225,2020-05-05 05:48:33.000,38.00,0.00,900.00,-19800

1225,2020-05-05 05:33:33.000,38.00,0.00,900.00,-19800

1225,2020-05-05 05:18:33.000,38.00,0.00,900.00,-19800

1225,2020-05-05 05:03:33.000,38.00,0.00,900.00,-19800

1225,2020-05-05 04:48:33.000,38.00,0.00,900.00,-19800

1225,2020-05-05 04:33:33.000,38.00,0.00,900.00,-19800

1225,2020-05-05 04:18:33.000,38.00,0.00,900.00,-19800

1225,2020-05-05 04:03:33.000,38.00,0.00,900.00,-19800

1225,2020-05-05 03:48:33.000,38.00,0.00,900.00,-19800

1225,2020-05-05 03:33:33.000,38.00,0.00,900.00,-19800

